{
  "test_f1": 0.4349112426035503,
  "test_accuracy": 0.910349683172964,
  "test_auc": 0.7720104152210261,
  "evaluated_at": "2026-03-02T14:28:15.932343"
}