{
  "f1": 0.9993005770239551,
  "precision": 0.9989512323020451,
  "recall": 0.9996501661710687,
  "per_label_f1": {
    "DRUG": 1.0,
    "DOSE": 0.0,
    "FREQ": 0.9984135378106821,
    "DURATION": 0.9994711792702274
  },
  "test_samples": 750,
  "evaluated_at": "2026-03-02T02:06:56.920869"
}